{"sum": 498315.0, "avr": 553.6833333333333, "sumMD": 14957.0, "avrMD": 498.56666666666666, "sumSD": 19292.0, "avrSD": 643.0666666666667, "max": 911.0, "min": 378.0}